MSA,MSA_NO,unemp_2015,unemp_2016,unemp_2017,unemp_2018,unemp_2019,pop_2010,pop_2011,pop_2012,pop_2013,pop_2014,pop_2015,pop_2016,pop_2017,pop_2018,pop_2019
Abilene,10180,3.5,3.8,3.2,3.1,2.8,165585,166634,167442,167473,168342,169688,170017,170429,171150,172060
Akron,10420,4.7,4.9,4.8,4.9,4,703031,703200,702109,703621,704908,704382,703524,703987,703855,703479
Albany,10500,6.1,6.1,5.1,4.6,3.6,154145,154545,153976,152667,151949,150387,149137,148090,147840,146726
Albany-Schenectady-Troy,10580,4.1,4,4.2,3.5,3.6,871082,872778,874698,877065,878113,879085,879792,882158,882263,880381
Albuquerque,10740,5.7,5.6,5.1,4.5,4.2,889558,898016,901939,904953,904538,906026,909237,912311,914947,918018
Alexandria,10780,5.1,5.9,4.5,5,5.5,154096,154402,154400,154623,154558,154082,154124,153549,152762,152037
Allentown-Bethlehem-Easton,10900,3.9,4.7,4.4,3.9,4.6,821923,824930,826144,825731,828470,830295,833163,837921,842626,844052
Altoona,11020,4.1,4.9,4.4,3.9,5,127045,126970,126544,125836,125274,124596,123708,123147,122503,121829
Amarillo,11100,2.8,3.2,2.5,2.6,2.3,252664,255975,257802,258896,260812,261618,262987,264331,264406,265053
Ames,11180,2.2,2.1,1.5,1.5,2,115925,117424,118139,120161,122092,123079,123309,123721,123093,123351
Anchorage,11260,5.7,5.7,6.4,5.6,5.2,383053,387922,391932,397022,397996,398609,401368,400570,397636,396317
Ann Arbor,11460,2.5,2.6,3,2.8,2.2,345717,349753,352303,356040,360021,362975,366135,368807,369483,367601
Appleton,11540,3.6,3.3,2.4,2.6,2.8,225948,227548,228656,229978,231627,233146,234200,235811,237011,237974
Asheville,11700,4.1,4,3.6,3,2.7,425338,428113,430945,435795,439661,444593,450310,454855,459314,462680
Athens-Clarke County,12020,4.7,4.8,4,3.4,2.5,193439,194375,195984,197590,198361,202565,205402,209106,211468,213750
Atlanta-Sandy Springs-Roswell,12060,4.8,5,4.1,3.5,2.7,5302598,5366462,5444473,5510530,5593204,5686048,5787965,5872432,5945303,6020364
Atlantic City-Hammonton,12100,7.4,7.2,6.5,5.3,5.4,274648,274621,274629,274314,272578,270153,267217,265498,263989,263670
Auburn-Opelika,12220,5,5,2.9,3.2,2.2,140794,144130,148567,151809,154511,156954,159168,161440,163656,164542
Augusta-Richmond County,12260,5.7,5.2,4.6,3.9,2.9,566694,570849,576206,579802,583046,589574,595029,600276,604221,608980
Austin-Round Rock,12420,3,3.2,2.7,2.7,2.4,1727502,1780535,1834586,1883315,1942467,2002134,2062016,2115475,2165497,2227083
Baltimore-Columbia-Towson,12580,4.8,4,3.9,3.5,2.9,2715738,2733785,2754637,2768233,2780055,2790053,2794111,2798707,2800743,2800053
Bangor,12620,3.7,3.3,2.5,3.4,2.7,153861,153759,153347,153222,153201,151929,151333,151645,151817,152148
Barnstable Town,12700,6.2,3.8,4.2,3.7,3.4,215899,215356,214788,214518,214289,213877,213559,213581,213471,212990
Baton Rouge,12940,4.1,4.6,3.4,3.9,4.5,827629,831493,836197,841986,846827,851167,856723,854295,854526,854884
Battle Creek,12980,3.9,4.2,4.8,4.2,3.5,135951,135105,134737,134751,134804,134327,134344,134180,134049,134159
Bay City,13020,4.4,4.9,5.3,4.6,4.3,107679,107417,106967,106794,106046,105237,104411,104045,103702,103126
Beaumont-Port Arthur,13140,6.6,7.4,6.7,5.7,5.4,389251,390905,389614,391195,391651,394825,396539,398129,393815,392563
Bellingham,13380,6.1,6,5,5.1,4.8,201545,203490,204863,206073,208154,211836,216417,221410,225197,229247
Billings,13740,3.4,3.5,3.6,3.4,3.2,167571,169017,170942,173367,174952,176357,177759,179365,180203,181667
Binghamton,13780,5.5,5.3,5.5,4.4,4.8,251489,250238,248945,248017,247075,245283,243322,241709,240366,238691
Birmingham-Hoover,13820,5.4,5.4,3.1,3.2,2.2,1061717,1064030,1067563,1072882,1076087,1079752,1082877,1085615,1087967,1090435
Bismarck,13900,2.7,3,2.8,2.8,2.4,111112,112865,115679,119240,122155,125325,127233,128115,128279,128949
Bloomington,14020,5.6,5,3.8,4.7,3.4,169810,170909,172721,175037,174105,173141,173070,172754,172410,171517
Boston-Cambridge-Nashua,14460,4,2.5,2.8,2.4,2.1,4566348,4609790,4656593,4702877,4746931,4778340,4809061,4841772,4859536,4873019
Boulder,14500,2.6,2.2,2.6,3.2,2,295037,299957,304570,309323,312233,318027,321250,322441,324636,326196
Bowling Green,14540,4.7,3.6,3.1,3.4,3.9,159341,160985,162450,164653,166630,169507,171902,174981,176864,179240
Bridgeport-Stamford-Norwalk,14860,4.8,3.9,3.8,3.2,3.2,919355,928000,935099,939924,944196,944943,944347,943038,943971,943332
Brownsville-Harlingen,15180,6.8,7.3,6,5.8,5.8,407630,413201,415877,417357,419005,419450,421350,422227,422139,423163
Brunswick,15260,5.5,5.4,4.4,3.7,2.8,112534,112895,113281,113781,114607,115779,116571,117587,118282,118779
Burlington,15500,4.9,4.5,4,3.5,3.2,151431,152692,153265,154162,155384,157037,160283,163276,166514,169509
Burlington-South Burlington,15540,2.4,2.1,1.9,1.8,1.6,211538,213235,213962,214827,215676,217152,217447,218975,219939,220411
Canton-Massillon,15940,5.3,5.2,5,5.2,4.4,404218,403331,403429,403365,403675,402433,401068,399327,398330,397520
Cape Coral-Fort Myers,15980,4.3,4.3,3.4,3.1,2.5,620449,631053,644197,659834,677232,699644,722649,740000,754470,770577
Carson City,16180,6.7,5.3,4.9,4.4,3.3,54981,54676,54312,53726,54082,54068,54147,54532,55202,55916
Casper,16220,5.6,6.6,5,4.4,4.1,75470,76399,78565,81103,81377,82137,80909,79586,79175,79858
Cedar Rapids,16300,3.6,3.5,3.2,2.7,3.1,258440,261028,261916,262706,264300,266312,268224,270653,272061,273032
Champaign-Urbana,16580,5.7,4.9,3.9,4.6,3.3,218255,219876,221131,222854,224351,225732,226722,226847,226284,226033
Charleston,16620,5.7,4.9,5.3,4.9,4.7,277805,276817,276704,275412,273606,270858,268130,264227,260280,257074
Charlottesville,16820,3.3,3.2,2.9,2.3,2.1,201891,203617,205532,206755,209187,211494,213675,216104,217335,218615
Chattanooga,16860,5.1,5,3.4,3.1,3.3,529131,533621,538103,542181,544183,547205,551859,555953,560832,565194
Cheyenne,16940,4.1,4.1,3.5,3.9,3.3,92236,92576,94697,95707,96036,96969,97887,98377,98865,99500
Chicago-Naperville-Elgin,16980,5.7,5.4,4.7,3.9,3.2,9470634,9500870,9528090,9550194,9560430,9552554,9533662,9514113,9484158,9458539
Chico,17020,6.9,6.3,5.1,5.5,4.2,219949,219975,220869,221641,223516,224631,226231,228696,230339,219186
Cincinnati,17140,4.3,4,3.8,4,3.2,2140715,2146208,2152554,2162060,2172190,2181427,2191572,2202558,2211936,2221208
Clarksville,17300,5.8,5.2,3.7,3.5,3.7,274959,277405,287393,285441,289628,292878,293712,298635,304301,307820
Cleveland,17420,4.9,4.4,2.9,3,3.3,115896,116569,117673,118410,119455,120543,121184,122180,123968,124942
Cleveland-Elyria,17460,4,5.2,4.7,5,3.5,2075478,2068989,2064776,2067100,2067356,2064012,2060997,2057238,2053795,2048449
Coeur d'Alene,17660,5.1,4.8,4,3.7,3.8,138848,140932,142084,143897,146529,149367,153019,157320,161209,165697
College Station-Bryan,17780,3.2,3.4,2.7,2.7,2.5,229458,231435,234148,237816,242830,250567,254391,259123,261335,264728
Colorado Springs,17820,3.9,3.2,3.5,4.6,2.8,650500,660674,669448,678565,686562,697389,712335,724773,737202,745791
Columbia,17860,2.6,2.7,2.2,2.2,2.4,190947,194030,196540,198824,200492,202152,204049,205725,206746,208173
Columbus,17980,6.3,6.3,5.1,4.3,3.3,309476,315305,322721,327844,325273,322772,319040,315942,318211,321048
Corpus Christi,18580,5.3,6.1,5.2,4.5,4.2,404676,407721,413199,419080,423313,427621,428953,428445,428697,429024
Corvallis,18700,3.9,3.2,2.7,3,2,85574,86266,86678,86167,87215,88333,89918,91790,92442,93053
Crestview-Fort Walton Beach-Destin,18880,4.2,4.2,3,2.9,2.3,235932,238704,246952,251881,255801,260814,265492,271499,277666,284809
Cumberland,19060,6.7,5.6,5.6,5,4.9,103170,102629,101833,101267,100587,99879,99428,98575,97894,97284
Dallas-Fort Worth-Arlington,19100,3.6,3.7,3.1,3.3,2.9,6392065,6510544,6644559,6753889,6889769,7042566,7194758,7337097,7455756,7573136
Dalton,19140,5.9,6.1,5.5,4.9,4.7,142278,142285,142259,141906,142298,143099,143753,144037,144192,144724
Danville,19180,7.7,7.2,6,6.7,5.3,81640,81414,80862,80585,79783,79170,78494,77689,76702,75758
Decatur,19460,7.5,6.4,3.2,3.2,2.3,153950,154075,153908,153146,152888,152392,152233,151981,152144,152603
Deltona-Daytona Beach-Ormond Beach,19660,5.1,5.1,3.8,3.5,3,590506,591926,594969,600236,608604,621166,635859,647867,658186,668365
Denver-Aurora-Lakewood,19740,3.1,2.6,2.9,3.6,2.3,2554523,2602918,2650274,2700529,2753973,2812896,2856755,2891776,2931665,2967239
Des Moines-West Des Moines,19780,3.2,3.2,2.6,2.4,2.7,608930,618299,626778,637846,649652,659522,671055,681413,690915,699292
Detroit-Warren-Dearborn,19820,5.4,4.8,4.2,4.3,3.7,4291508,4291696,4300864,4305587,4311194,4309673,4316260,4321593,4322084,4319629
Dothan,20020,5.8,5.9,3.6,3.7,2.6,145871,146621,147448,147449,147830,147992,147784,147878,148249,149358
Dover,20100,4.6,4,4.2,3.2,3.8,162956,165110,167297,169038,171456,173128,174542,176499,178540,180786
Dubuque,20220,3.6,3.4,3,2.5,3.1,93929,94593,95159,95945,96481,96850,96763,97066,96922,97311
Duluth,20260,5.7,5.6,4.3,4,4.5,290542,290594,290176,290193,290261,289741,289395,289108,289260,288732
Durham-Chapel Hill,20500,4.6,4.2,3.8,3.3,2.9,566267,572520,581735,590364,599236,607706,618222,625678,637501,644367
Eau Claire,20740,4.1,3.7,2.8,2.9,3.5,161655,162886,163892,164822,165023,165501,166430,167329,168464,169304
El Centro,20940,21.5,18.8,17.9,17.7,19.4,174716,175786,176575,176438,177974,178937,180179,181649,181523,181215
Elkhart-Goshen,21140,3.6,3.1,2.1,2.9,2.7,197451,198279,198968,200205,201423,202995,203642,204194,205617,206341
Elmira,21300,5.6,5.1,5.5,4.1,4.5,88895,88899,89137,88199,87177,86705,85644,84736,83935,83456
El Paso,21340,4.7,4.9,4,4,3.6,807048,823308,835667,834203,837089,835439,839203,842005,841613,844124
Erie,21500,4.5,6.1,5.1,4.3,5,280799,281327,281532,280717,279423,278174,276170,273558,271544,269728
Evansville,21780,4.1,3.9,2.8,3,2.8,311802,312698,313422,314331,314859,314983,315283,314791,314660,315086
Fairbanks,21820,5.7,5.7,6.6,5.8,5.3,98264,98120,100311,100933,99254,99636,100633,99675,98565,96849
Fargo,22020,2.3,2.7,2.4,2.3,2.2,209455,213222,217610,223360,227790,232891,237244,241511,244311,246145
Farmington,22140,7.4,8.3,6.2,5.7,5.5,130203,129711,129756,129467,129084,128246,127954,126917,125499,123958
Fayetteville,22180,6.8,6.1,5.5,5,4.4,490446,499149,502672,509180,510635,511976,516822,517527,522461,526719
Fayetteville-Springdale-Rogers,22220,3.2,2.7,2.7,2.7,2.3,442301,452884,462291,471140,480513,491730,503806,515616,525239,534904
Flagstaff,22380,6.6,6,5,6.2,5.5,134612,134275,136146,136699,137566,138962,140407,141001,142523,143476
Flint,22420,4.6,5,5.7,4.7,4,424953,422026,418193,415639,412859,410461,408926,407488,406688,405813
Florence,22500,6.2,4.6,4.8,3.7,2.5,205662,205800,206041,205986,206426,206235,205854,205476,205036,204911
Florence-Muscle Shoals,22520,6.8,6.5,3.7,4,3,147261,147146,147232,147230,147462,146876,146922,147259,147608,147970
Fond du Lac,22540,3.6,3,2.2,2.4,2.7,101576,101810,101788,101787,101977,101955,102211,102417,103001,103403
Fort Smith,22900,5.1,4.3,4.1,3.6,3.6,248344,249236,249491,248569,248220,248820,249170,250231,250298,250368
Fort Wayne,23060,4.3,3.7,2.8,3,2.8,389298,392332,394225,396638,398591,400806,402887,405445,409126,413263
Fresno,23420,10.2,9.5,8.1,7.4,6.9,932039,939406,945045,951514,960567,969488,976830,985238,991950,999101
Gadsden,23460,5.8,5.8,3.4,3.7,2.8,104459,104369,104278,103884,103399,102998,102855,103007,102611,102268
Gainesville,23540,4.1,4.2,3.2,3,2.5,305334,306979,308240,308865,311743,316031,321418,324485,327933,329128
Glens Falls,24020,5.5,5.4,5.7,4.7,5.1,129021,128827,128420,127848,127341,126666,126233,125924,125489,125148
Goldsboro,24140,5.7,5.7,5,4.1,3.5,122886,124038,124559,124587,124586,124342,124269,123034,123237,123131
Grand Forks,24220,2.8,3,2.7,2.5,2.5,98633,98194,99093,100741,101260,101849,102171,102126,101766,100815
Grand Junction,24300,5.4,4.5,4.3,4.8,3.1,146259,147174,147317,147175,147113,148025,149736,151170,152951,154210
Great Falls,24500,4.1,4,4,3.7,3.4,81507,81714,81622,82194,82056,81878,81562,81633,81688,81366
Greeley,24540,3.4,2.6,2.7,3.4,2.3,254207,258827,264131,270165,277112,285819,295712,305885,314815,324492
Green Bay,24580,3.9,3.4,2.5,2.6,2.9,306754,308613,310605,311947,314003,315652,317369,319694,321384,322906
Greensboro-High Point,24660,5.4,4.9,4.6,3.9,3.5,725264,730095,735475,740604,746497,751285,758635,762071,766473,771851
Greenville,24780,5.6,5.3,4.7,3.9,3.6,168863,170791,172980,174380,174974,176071,177171,178607,179575,180742
Hagerstown-Martinsburg,25180,4.7,3.9,3.9,3.6,3.1,269833,271983,273429,274926,276755,278236,280717,282958,285722,288104
Hanford-Corcoran,25260,10.7,9.9,8.4,8,7.7,152370,151868,150991,150337,149495,150085,149382,149665,151382,152940
Harrisburg-Carlisle,25420,3.2,3.9,3.8,3.2,3.8,550088,552280,555057,558139,561164,564678,567510,570784,574149,577941
Harrisonburg,25500,3.9,3.6,3,2.5,2.1,125401,126796,128449,128956,130420,131120,132909,134041,134749,134964
Hattiesburg,25620,6.3,5,3.8,4,4.4,162856,164801,165994,166971,167179,167873,168158,167719,168292,168849
Hickory-Lenoir-Morganton,25860,5.2,4.8,4.2,3.5,3.2,365565,364478,363670,363379,363035,363346,364798,367085,368449,369711
Hot Springs,26300,5.1,4.3,3.9,4,3.5,96067,96854,96986,97654,97758,97814,98282,98327,98966,99386
Houston-The Woodlands-Sugar Land,26420,4.6,5.3,4.3,3.9,3.6,5947236,6056193,6183531,6328208,6500199,6671808,6806503,6900090,6976147,7066141
Huntington-Ashland,26580,5.8,5.3,5.2,5.1,4.8,371065,371126,370972,370179,368938,367224,365020,361970,359069,355873
Huntsville,26620,5.1,5.1,2.9,3.1,2.1,419276,425122,430056,435541,440395,444542,449576,455892,463181,471824
Idaho Falls,26820,3.1,2.9,2.4,2.2,2.3,133813,134959,136165,136840,137838,139542,142520,145512,148436,151530
Iowa City,26980,2.5,2.4,2.1,1.9,2.3,153025,155908,159006,162095,164759,167088,169054,171529,172607,173105
Ithaca,27060,3.5,3.4,3.9,3.1,3.2,101740,101821,102726,103553,103391,103006,102942,102664,102419,102180
Jackson,27100,6,4.8,4.4,3.8,3.2,160109,159658,159962,159628,159421,159264,158277,158563,158566,158510
Jacksonville,27260,5.8,5.5,3.4,3.1,2.6,1348907,1361972,1377607,1393432,1416446,1444638,1476023,1505033,1532663,1559514
Jefferson City,27620,3.2,3.3,2.8,2.6,2.8,149991,150413,150391,150669,150727,150928,151375,151319,151512,151235
Johnson City,27740,5.8,5.5,3.4,3.4,3.4,199010,199574,200473,200470,200021,200331,201457,201909,202900,203649
Johnstown,27780,5.4,6.3,5.3,4.8,5.8,143461,142579,141536,138826,137537,136028,134414,132960,131449,130192
Jonesboro,27860,4.1,3.2,3,3,2.7,121263,122854,124292,125840,126813,128459,129906,131259,132719,133860
Joplin,27900,3.3,3.9,2.9,2.7,3.2,175833,173846,174407,175144,175869,176686,177397,178239,178613,179564
Kalamazoo-Portage,28020,3.5,3.9,4.3,3.7,3,250751,252600,255353,257311,258951,259676,261304,262998,264680,265066
Kansas City,28140,3.7,3.9,3.3,3.1,3.1,2013361,2025490,2038586,2053850,2069182,2085913,2107066,2127203,2144427,2157990
Kingston,28740,4.3,4.3,4.4,3.6,3.7,182418,182448,181538,180698,180400,179658,179042,178635,178418,177573
Knoxville,28940,5,4.6,2.9,2.8,2.9,815984,820702,825007,829017,832928,837818,844942,853645,861234,869046
Kokomo,29020,4.8,4.3,3,3.8,3.4,82752,82797,82839,82738,82605,82338,82304,82210,82257,82544
Lafayette,29140,5.6,6.1,4.2,4.3,4.9,467612,470935,474205,479794,484876,489507,490877,490299,489680,489207
Lake Charles,29340,4.2,4.4,3.2,3.4,4.3,199943,200534,201110,202205,203296,205275,207464,209410,210190,210409
Lake Havasu City-Kingman,29420,7.5,6,5.7,6.1,5.4,200314,202812,203347,203126,203423,204574,205412,207017,209292,212181
Lakeland-Winter Haven,29460,5.4,5.4,4.1,3.7,3,603102,609948,615453,622633,634398,648523,665823,685368,706597,724777
Lancaster,29540,3,3.7,3.3,3,3.4,520319,523957,526878,530012,533289,535811,538160,541332,543969,545724
Lansing-East Lansing,29620,3.2,3.3,3.9,3.2,2.7,534899,536605,537005,538089,540028,541271,545146,548380,548674,550391
Laredo,29700,4.5,4.5,3.4,3.7,3.6,251370,255935,260595,264430,267465,269865,272301,273691,275120,276652
Las Cruces,29740,6.8,6.7,6.1,5.5,5.2,210097,213126,214450,214288,213933,214034,214663,216174,217278,218195
Las Vegas-Henderson-Paradise,29820,6.2,5,4.9,4.5,3.5,1952587,1961925,1989224,2017193,2053134,2096717,2138836,2181635,2226115,2266715
Lawrence,29940,3.1,3.2,2.5,2.8,2.5,111198,112479,113313,114713,116445,118141,119662,120281,121109,122259
Lawton,30020,3.8,4.4,4.1,3.5,3.3,131569,132255,132696,131113,130909,130011,127676,127649,126348,126415
Lebanon,30140,3.4,3.8,3.8,3.5,4.1,133664,134529,135545,135804,136538,137479,138480,139553,141339,141793
Lewiston,30300,3.9,3.6,3.1,3.5,3.2,61040,61409,61413,61927,62031,62108,62422,62798,62872,62990
Lewiston-Auburn,30340,3.4,3,2.1,3.1,2.7,107708,107439,107486,107223,107358,107124,107296,107399,107914,108277
Lexington-Fayette,30460,4,3.3,2.9,3,3,473412,478930,485236,490906,495137,501469,507387,512381,514938,517056
Lima,30620,4.5,4.8,4.5,4.7,3.8,106358,105988,105244,105055,104848,104095,103613,103093,102725,102351
Lincoln,30700,2.5,2.8,2.4,2.4,2.4,302961,306619,310328,314103,319634,323090,327409,330975,333800,336374
Little Rock-North Little Rock-Conway,30780,4,3.3,3.4,3.3,3.1,702294,710682,717665,723159,728190,730889,734166,737557,740081,742384
Logan,30860,2.6,2.5,2.3,2.4,1.7,126167,127591,128693,129827,130804,132652,135521,137703,140104,142165
Longview,30980,7.5,7.2,4.1,3.8,3.7,280487,282427,283056,282589,283219,283767,283641,284602,285315,286657
Los Angeles-Long Beach-Anaheim,31080,5.3,4.4,3.9,4.1,3.6,12838417,12925753,13013443,13097434,13166609,13234696,13270694,13278000,13249879,13214799
Louisville/Jefferson County,31140,4.6,3.8,3.2,3.5,3.3,1204655,1211869,1220183,1232178,1239354,1246231,1252525,1259553,1262023,1265108
Lubbock,31180,3.1,3.2,2.7,2.8,2.5,292241,295338,297793,301167,306056,310001,313780,317094,319239,322257
Lynchburg,31340,4.3,4.3,3.8,2.8,2.9,252969,254190,255725,256832,257953,259447,260537,261813,262893,263566
Madison,31540,3.1,2.7,1.9,2.1,2.3,606625,613159,619719,626833,633369,640198,648388,655250,659927,664865
Manhattan,31740,2.8,3,2.4,2.8,2.4,128521,130746,137731,136294,135665,136989,134000,131667,131698,130285
Mansfield,31900,5.6,5.5,5.3,5.4,4.4,124162,123144,122633,122314,121999,121688,121242,120430,120987,121154
McAllen-Edinburg-Mission,32580,7.9,8.2,6.7,6.6,7,779149,795517,808334,818619,829819,839667,848960,856249,862298,868707
Medford,32780,6.1,4.7,4.1,4.8,3.1,203341,204747,205852,207179,209189,211403,214366,216746,219411,220944
Memphis,32820,6.1,5.3,3.7,3.7,3.9,1317489,1323741,1331396,1332114,1333432,1334790,1336204,1338582,1342497,1346045
Merced,32900,11.8,10.8,9.2,8.3,7.9,256721,259297,260867,262026,264419,266353,267628,271096,274151,277680
Miami-Fort Lauderdale-West Palm Beach,33100,5,4.9,3.9,3.3,2.2,5583394,5668271,5745743,5822754,5893858,5969135,6055686,6118155,6143837,6166488
Michigan City-La Porte,33140,6.4,5.6,4.2,4.7,4.2,111459,111317,111304,111423,111735,110835,110222,109842,109981,109888
Midland,33260,3.8,4.1,4.6,3.8,3.3,83651,83805,83721,83651,83492,83662,83422,83314,83223,83156
Milwaukee-Waukesha-West Allis,33340,4.4,3.9,2.7,2.8,3.1,1556678,1561296,1567248,1571732,1575002,1576496,1576004,1574444,1573995,1575179
Minneapolis-St. Paul-Bloomington,33460,3.2,3.6,2.9,2.8,3,3340007,3373392,3405952,3440782,3476192,3503728,3538527,3575699,3610061,3640043
Missoula,33540,4,3.7,4,3.7,3.5,109467,110245,111042,111900,112801,114122,116349,117834,118640,119600
Mobile,33660,6.8,7.1,4.2,4.2,3.2,430941,430423,430962,430815,431017,431294,431566,430567,430310,429536
Modesto,33700,9.1,8.3,6.8,6.2,5.6,515145,517560,520424,523451,528015,533211,539255,544717,548126,550660
Monroe,33740,5.1,5.5,4.1,5,5.7,204675,204886,205151,205454,205570,205668,205319,203894,202138,200261
Montgomery,33860,5.6,5.6,3.3,3.6,2.5,375119,375549,374872,374114,373476,373365,373865,374174,373022,373290
Morgantown,34060,4.2,3.6,4,4.1,3.7,130308,132678,134813,135948,137396,138523,139403,139608,139204,139044
Morristown,34100,5.9,5.3,3.3,3.3,3.5,136945,137560,137753,137924,138280,139212,139924,140898,141778,142749
Mount Vernon-Anacortes,34580,7,6.8,5.8,5.6,5.4,116944,117578,117714,118255,119966,121559,123603,125860,127835,129205
Muncie,34620,5.3,4.8,3.7,3.9,3.5,117665,117901,117027,116831,116487,115767,115657,115246,114297,114135
Napa,34900,5.1,4.4,3.6,3.2,2.9,136759,137691,138538,139580,140405,140862,140840,139878,138789,137744
Nashville-Davidson--Murfreesboro--Franklin,34980,4.2,3.8,2.4,2.3,2.4,1650831,1674534,1703609,1735012,1768350,1804671,1841294,1874515,1904726,1934317
New Orleans-Metairie,35380,4.6,4.8,3.7,4,4.4,1195324,1214008,1226887,1239584,1248905,1260281,1267613,1270326,1270133,1270530
New York-Newark-Jersey City,35620,4.5,4.1,4,3.6,3.4,18923407,19052774,19149689,19226449,19280929,19320968,19334778,19322607,19276644,19216182
Ocala,36100,5.7,5.7,4.3,3.9,3.2,331331,332286,333873,335083,338005,342182,347469,353339,359062,365579
Ocean City,36140,11.9,11.5,11.8,10.3,10,97212,96494,96228,95498,94907,94160,93655,93129,92446,92039
Odessa,36220,5.1,5.4,3.3,2.4,2.9,137075,139642,144495,149656,154588,159903,157858,156951,161960,166223
Ogden-Clearfield,36260,3.1,2.8,3,2.9,2,599740,605591,612185,621224,630767,640334,652476,664040,673660,683864
Oklahoma City,36420,3.4,4,3.4,2.8,2.8,1257793,1277045,1297857,1320148,1336256,1357178,1372985,1381492,1393605,1408950
Omaha-Council Bluffs,36540,3.1,3.2,2.8,2.8,2.7,867671,876022,884555,893864,903335,913073,923431,931987,940970,949442
Orlando-Kissimmee-Sanford,36740,4.4,4.2,3.3,3,2.5,2139161,2176054,2225636,2270149,2324391,2388509,2455583,2517777,2574838,2608147
Oshkosh-Neenah,36780,3.8,3.3,2.4,2.4,2.8,167073,167493,168525,169283,169324,169246,169629,170394,170878,171907
Owensboro,36980,4.9,4.3,3.7,3.5,3.6,114770,115255,115972,116373,116529,117521,118092,118455,118879,119440
Oxnard-Thousand Oaks-Ventura,37100,5.5,4.8,3.8,3.8,3.4,825097,830099,833516,838136,842297,845802,847323,849044,848142,846006
Palm Bay-Melbourne-Titusville,37340,5.2,4.9,3.7,3.2,2.7,543965,544359,546966,550255,555548,565746,576874,587769,595203,601942
Pensacola-Ferry Pass-Brent,37860,4.8,4.7,3.5,3.2,2.7,450946,455139,461613,467086,470628,475537,481367,487298,494399,502629
Peoria,37900,7.3,6.6,4.9,5.8,4.6,416051,416687,416866,418092,415479,412856,410754,406913,403328,400561
Philadelphia-Camden-Wilmington,37980,4.1,4.4,4.2,3.6,4,5970899,5996232,6016616,6030134,6046382,6056816,6066661,6078522,6091208,6102434
Phoenix-Mesa-Scottsdale,38060,4.7,4.1,3.9,4.3,3.7,4204204,4253037,4329756,4403121,4488970,4578519,4673336,4758748,4849209,4948203
Pine Bluff,38220,6.3,5.2,4.9,5.1,5.1,100107,99052,97423,95769,94882,94022,92380,90875,89246,87804
Pittsburgh,38300,4.2,5.2,4.5,3.8,4.6,2357090,2360417,2360443,2359803,2356189,2347757,2340222,2329004,2322653,2317600
Pittsfield,38340,5.5,3.6,4,3.7,3.2,131317,130547,130284,129488,128856,127858,127067,126353,125901,124944
Pocatello,38540,3.5,3.3,2.8,2.7,2.7,90892,91421,91585,91246,91265,91871,92357,93088,94374,95489
Portland-Vancouver-Hillsboro,38900,4.8,4,3.6,3.9,2.8,2232181,2262834,2288465,2311015,2343994,2381660,2426575,2454815,2473350,2492412
Provo-Orem,39340,2.6,2.5,2.5,2.6,1.9,530262,541001,549980,561534,571059,583218,601304,618035,633149,648252
Pueblo,39380,4.9,4.1,4.7,5.8,3.6,159390,160184,160721,161033,161356,163006,164774,166283,167422,168424
Punta Gorda,39460,5.1,5.1,3.8,3.8,3,159875,159869,162744,164671,168041,172382,177671,181522,184849,188910
Racine,39540,5,4.4,3.2,3.3,3.8,195406,194908,194594,194680,194786,194672,194846,195825,196357,196311
Raleigh,39580,4.4,4.1,3.8,3.3,2.9,1137383,1162179,1187848,1213499,1241189,1271091,1303854,1334235,1361590,1390785
Rapid City,39660,3.2,3.2,3.8,3.2,3.7,126727,127903,130075,132320,134231,134858,136450,138444,140154,142107
Reading,39740,3.6,4.4,4,3.7,4.4,412039,413008,413518,413915,414559,415138,415784,417511,420529,421164
Redding,39820,7.5,6.7,5.1,4.8,4.2,177274,177588,177875,178397,178844,178314,178571,179384,179709,180080
Richmond,40060,4,3.9,3.6,2.8,2.6,1188246,1197059,1211015,1222549,1235006,1246665,1258471,1269566,1281053,1291900
Riverside-San Bernardino-Ontario,40140,5.9,5.2,4.1,3.9,3.5,4242424,4294897,4334716,4369493,4415343,4461227,4512041,4565909,4612542,4650631
Roanoke,40220,3.8,3.7,3.3,2.5,2.5,308589,309134,310479,311878,312747,313152,312647,312988,313033,313222
Rochester,40380,2.9,3.3,2.8,2.7,3,207222,208473,209547,211502,212659,213933,216163,217993,219814,221921
Rockford,40420,7.5,6.5,5.1,6.4,5.8,349184,347773,345819,344692,342409,340727,339635,338194,337110,336116
Rocky Mount,40580,7.2,7,6.3,4.8,4.3,152405,151790,150862,149843,149066,147529,147236,146775,146078,145770
Rome,40660,5.8,5.7,4.6,4.4,3.7,96431,96161,95940,95880,95868,96186,96698,97500,97964,98498
Salem,41420,5.6,4.3,3.8,4.5,3.1,391479,393978,396076,398015,402092,408022,416818,424242,430404,433903
Salinas,41500,10.5,9.9,8.8,7.9,7.2,416373,420456,424788,426712,428475,430552,433953,434534,433950,434061
Salt Lake City,41620,2.8,2.7,2.7,2.8,2,1091478,1106800,1123748,1140025,1151447,1164912,1184721,1204205,1218681,1232696
San Angelo,41660,4,4.1,3,3.1,2.8,113422,114513,116071,117519,119233,120390,120535,120365,120834,122027
San Antonio-New Braunfels,41700,3.5,3.7,3,3.1,2.8,2153009,2193923,2236981,2280002,2328894,2379232,2426276,2472121,2512379,2550960
San Francisco-Oakland-Hayward,41860,3.9,3.4,2.7,2.5,2.2,4343634,4395725,4455473,4519636,4584981,4647924,4688198,4712421,4726314,4731803
San Jose-Sunnyvale-Santa Clara,41940,3.9,3.4,2.7,2.5,2.2,1841556,1868031,1894452,1923664,1949578,1974501,1987593,1992674,1993804,1990660
Santa Cruz-Watsonville,42100,8.3,7.5,6.5,5.3,4.9,263147,264858,266340,268816,270861,273503,274396,274856,273841,273213
Santa Fe,42140,5,4.9,4.5,4,3.6,144522,145847,146722,147465,147782,148098,148758,149491,149761,150358
Savannah,42340,4.9,4.9,4,3.4,2.7,348640,355582,361745,365103,371275,377827,383153,386394,389453,393353
Seattle-Tacoma-Bellevue,42660,5,4,4.1,3.8,2.7,3449241,3503891,3558829,3612347,3675160,3739654,3816355,3885579,3935179,3979845
Sebastian-Vero Beach,42680,5.9,5.8,4.3,3.8,3.1,138270,139103,140473,141895,144445,147434,151159,154241,157187,159923
Sheboygan,43100,3.4,3.1,2.3,2.3,2.6,115524,115208,114767,114697,114982,115196,115030,115089,115233,115340
Sherman-Denison,43300,3.7,3.6,3,3,2.9,121034,121430,121854,122362,123599,125628,128291,131152,133787,136212
Shreveport-Bossier City,43340,5.4,5.7,4.3,4.7,5.4,399935,403880,407435,406237,404534,404000,401947,400161,397281,394706
Sioux City,43580,3.5,3.9,3,2.7,3.1,143901,144171,143723,143623,143590,143736,143844,143165,143787,144701
Sioux Falls,43620,2.5,2.4,3.1,2.5,3,229099,232150,237032,241772,246133,250012,254602,260083,263810,268232
South Bend-Mishawaka,43780,4.5,4.2,3.5,3.7,3.4,319044,318884,318296,318639,319410,319703,321144,321538,322697,323613
Spartanburg,43900,5,3.9,4,3,2.1,284731,286102,288176,290414,292981,296558,300867,306740,314137,319785
Springfield,44100,5.6,4.9,3.9,5,3.6,210465,211736,212095,211713,211692,211254,210424,209365,207928,206868
State College,44300,3,3.8,3.3,2.9,3.4,154230,155067,155826,158231,159653,160466,162034,162316,162601,162385
Sumter,44940,6.3,5,5.2,3.7,3,142555,142018,142126,142007,141877,141180,141334,140443,140151,140466
Syracuse,45060,4.9,4.9,5.1,4.2,4.4,663110,662482,660902,661773,660085,657648,654391,651164,650281,648593
Tallahassee,45220,4.6,4.5,3.4,3.2,2.6,369345,371246,375272,373187,375356,377602,378672,383173,384318,387227
Tampa-St. Petersburg-Clearwater,45300,4.5,4.5,3.4,3.2,2.6,2788366,2813269,2843636,2880536,2927395,2983928,3048963,3106922,3154649,3194831
Terre Haute,45460,5.7,4.9,3.8,4.5,3.9,189523,189541,189555,189089,188240,187365,187241,186846,186726,186367
Texarkana,45500,4.5,4.6,4.1,4.8,3.9,149332,149515,149609,149509,149229,149244,149543,149567,149347,148761
Toledo,45780,4.8,4.7,4.7,5.1,4,651372,650166,648750,648403,647228,645973,645441,644364,643089,641816
Topeka,45820,3.6,3.9,3,3.4,3.1,234266,234696,234407,233838,233717,233520,233139,232994,232266,231969
Tucson,46060,5,4.3,4.2,4.7,4.1,981620,988381,993052,997127,1004229,1009103,1016707,1026391,1036554,1047279
Tulsa,46140,4,4.8,4,3.1,3.2,939833,945750,952484,961904,969421,980926,988706,991330,993135,998626
Tuscaloosa,46220,5.6,5.8,3.2,3.2,2.3,239481,240363,242328,244378,246988,249066,250099,250933,251257,252047
Tyler,46340,4.4,4.4,3.4,3.5,3.1,210408,212764,214811,216475,219642,222390,225161,227195,229749,232751
Utica-Rome,46540,5.1,5.1,5.4,4.5,4.7,299226,298604,297992,297230,295982,293916,292811,292174,291187,289990
Valdosta,46660,5.1,5.2,4.2,3.7,3,140054,142007,144121,142937,143433,143311,144471,145360,146143,147292
Victoria,47020,4.1,4.9,3.9,3.4,3.4,94102,94765,96447,97518,98548,99649,99914,99597,99466,99742
Virginia Beach-Norfolk-Newport News,47260,4.5,4.3,3.9,3,2.8,1717036,1723208,1734121,1741366,1750937,1756340,1758763,1760926,1763713,1768901
Waco,47380,3.7,3.9,3.4,3.3,3,253808,255700,256938,258685,260376,262660,264829,268971,271427,273920
Warner Robins,47580,5.4,5.6,4.5,3.8,2.8,168508,171561,173592,174689,175717,176293,178507,180163,182886,185409
Washington-Arlington-Alexandria,47900,3.9,3.4,3.3,2.9,2.6,5678491,5782319,5878942,5963312,6031945,6093950,6149301,6211341,6247841,6280487
Waterloo-Cedar Falls,47940,4.2,4.3,3.2,2.6,3.3,167920,168443,168811,169853,170450,170852,170110,169359,168936,168522
Wheeling,48540,6.3,5.7,5.5,4.9,5.5,147899,147260,146527,145938,144968,144157,142955,141255,140059,138948
Wichita,48620,4,4.3,3.4,3.4,3.2,623887,625327,628159,630365,632810,635551,637653,637511,637519,640218
Wichita Falls,48660,4.2,4.2,3.2,3.2,2.9,151649,150311,151040,151448,151867,150083,150327,150956,150955,151254
Williamsport,48700,5.4,6,5.5,4.6,5.6,116225,116748,117222,116598,116290,115598,114876,114012,113866,113299
Wilmington,48900,5.3,4.7,4.3,3.7,3,705897,709351,712014,715004,717286,719602,720748,721253,722940,723993
Winchester,49020,3.7,3.4,3,2.6,2.3,128652,129954,130910,132278,133526,134284,135739,138020,139492,140566
Winston-Salem,49180,4.9,4.6,4.2,3.5,3.2,641245,644266,646794,649901,653250,656277,661024,666640,671129,676008
Worcester,49340,4.8,3,3.3,2.9,2.7,918935,922378,924856,928346,932278,934604,936422,942147,946113,947404
Yakima,49420,10.3,9.9,8.2,8.6,8.3,244256,245926,246127,246485,246870,247800,249327,249922,250562,250873
York-Hanover,49620,3.4,4,3.8,3.3,3.8,435413,436701,437466,438932,440475,441741,443693,445484,447847,449058
Youngstown-Warren-Boardman,49660,6.9,5.9,5.7,6,5.4,564826,562347,558530,555850,553039,548798,544582,541545,538226,536081
Yuba City,49700,10.5,9.8,8.1,7.3,6.7,167099,166971,166963,167597,168311,169327,170694,172782,173905,175639
Yuma,49740,17.6,15.3,15.7,14.7,14.5,197127,202841,202475,202420,204054,205186,207247,209507,211612,213787
Beckley,13220,7.3,6,6.1,5.4,5.3,124949,125266,125110,124356,123342,122070,120475,118673,117154,115767
Bloomsburg-Berwick,14100,4.2,4.9,4.7,4.3,5.1,85657,85449,85472,85592,85538,84980,84390,83851,83455,83194
Daphne-Fairhope-Foley,19300,5.6,5.6,3.3,3.4,2.4,183112,186558,190145,194885,199183,202939,207601,212521,217855,223234
East Stroudsburg,20700,5,5.8,5.4,4.8,5.7,169849,169891,168628,167355,167285,166481,166220,167895,169294,170271
Gettysburg,23900,3,3.6,3.2,2.9,3.3,101479,101474,101254,101137,101353,101808,101911,102562,103062,103009
Grand Island,24260,3.5,3.5,3.1,2.9,2.9,72936,73547,74238,74652,75240,75319,75598,75456,75476,75553
Grants Pass,24420,7.3,5.5,5.1,5.8,3.9,82879,82702,82755,83131,83377,84528,85504,86584,87150,87487
Hammond,25220,5.8,6.1,4.4,5.2,5.6,121485,122700,123646,125520,127010,128716,130619,132353,133837,134758
Homosassa Springs,26140,6.6,6.7,5.4,4.9,4,141173,139764,139180,138829,138828,140287,142804,145415,147682,149657
New Bern,35100,5.6,5.2,4.7,4.2,3.4,127423,128135,128409,127172,126778,125371,124985,124703,124584,124284
Sierra Vista-Douglas,43420,6.6,5.4,5.2,5.8,5.3,131822,133097,132017,129578,127314,126454,125686,124864,126411,125922
The Villages,45540,6.6,6.6,5,4.8,4,94278,97975,101669,106898,112236,117076,122009,124995,128719,132420
Walla Walla,47460,6.4,6.4,5.4,5.5,4.8,58915,59444,59329,59361,59510,59932,60008,60512,60615,60760
Watertown-Fort Drum,48060,6.8,7,7.2,5.9,6.8,116592,117752,120235,118490,117971,116371,112980,113157,111866,109834